Date,Year,Month,Month Year
01-01-2017 00:00,2017,Jan,Jan-17
02-01-2017 00:00,2017,Jan,Jan-17
03-01-2017 00:00,2017,Jan,Jan-17
04-01-2017 00:00,2017,Jan,Jan-17
05-01-2017 00:00,2017,Jan,Jan-17
06-01-2017 00:00,2017,Jan,Jan-17
07-01-2017 00:00,2017,Jan,Jan-17
08-01-2017 00:00,2017,Jan,Jan-17
09-01-2017 00:00,2017,Jan,Jan-17
10-01-2017 00:00,2017,Jan,Jan-17
11-01-2017 00:00,2017,Jan,Jan-17
12-01-2017 00:00,2017,Jan,Jan-17
13-01-2017 00:00,2017,Jan,Jan-17
14-01-2017 00:00,2017,Jan,Jan-17
15-01-2017 00:00,2017,Jan,Jan-17
16-01-2017 00:00,2017,Jan,Jan-17
17-01-2017 00:00,2017,Jan,Jan-17
18-01-2017 00:00,2017,Jan,Jan-17
19-01-2017 00:00,2017,Jan,Jan-17
20-01-2017 00:00,2017,Jan,Jan-17
21-01-2017 00:00,2017,Jan,Jan-17
22-01-2017 00:00,2017,Jan,Jan-17
23-01-2017 00:00,2017,Jan,Jan-17
24-01-2017 00:00,2017,Jan,Jan-17
25-01-2017 00:00,2017,Jan,Jan-17
26-01-2017 00:00,2017,Jan,Jan-17
27-01-2017 00:00,2017,Jan,Jan-17
28-01-2017 00:00,2017,Jan,Jan-17
29-01-2017 00:00,2017,Jan,Jan-17
30-01-2017 00:00,2017,Jan,Jan-17
31-01-2017 00:00,2017,Jan,Jan-17
01-02-2017 00:00,2017,Feb,Feb-17
02-02-2017 00:00,2017,Feb,Feb-17
03-02-2017 00:00,2017,Feb,Feb-17
04-02-2017 00:00,2017,Feb,Feb-17
05-02-2017 00:00,2017,Feb,Feb-17
06-02-2017 00:00,2017,Feb,Feb-17
07-02-2017 00:00,2017,Feb,Feb-17
08-02-2017 00:00,2017,Feb,Feb-17
09-02-2017 00:00,2017,Feb,Feb-17
10-02-2017 00:00,2017,Feb,Feb-17
11-02-2017 00:00,2017,Feb,Feb-17
12-02-2017 00:00,2017,Feb,Feb-17
13-02-2017 00:00,2017,Feb,Feb-17
14-02-2017 00:00,2017,Feb,Feb-17
15-02-2017 00:00,2017,Feb,Feb-17
16-02-2017 00:00,2017,Feb,Feb-17
17-02-2017 00:00,2017,Feb,Feb-17
18-02-2017 00:00,2017,Feb,Feb-17
19-02-2017 00:00,2017,Feb,Feb-17
20-02-2017 00:00,2017,Feb,Feb-17
21-02-2017 00:00,2017,Feb,Feb-17
22-02-2017 00:00,2017,Feb,Feb-17
23-02-2017 00:00,2017,Feb,Feb-17
24-02-2017 00:00,2017,Feb,Feb-17
25-02-2017 00:00,2017,Feb,Feb-17
26-02-2017 00:00,2017,Feb,Feb-17
27-02-2017 00:00,2017,Feb,Feb-17
28-02-2017 00:00,2017,Feb,Feb-17
01-03-2017 00:00,2017,Mar,Mar-17
02-03-2017 00:00,2017,Mar,Mar-17
03-03-2017 00:00,2017,Mar,Mar-17
04-03-2017 00:00,2017,Mar,Mar-17
05-03-2017 00:00,2017,Mar,Mar-17
06-03-2017 00:00,2017,Mar,Mar-17
07-03-2017 00:00,2017,Mar,Mar-17
08-03-2017 00:00,2017,Mar,Mar-17
09-03-2017 00:00,2017,Mar,Mar-17
10-03-2017 00:00,2017,Mar,Mar-17
11-03-2017 00:00,2017,Mar,Mar-17
12-03-2017 00:00,2017,Mar,Mar-17
13-03-2017 00:00,2017,Mar,Mar-17
14-03-2017 00:00,2017,Mar,Mar-17
15-03-2017 00:00,2017,Mar,Mar-17
16-03-2017 00:00,2017,Mar,Mar-17
17-03-2017 00:00,2017,Mar,Mar-17
18-03-2017 00:00,2017,Mar,Mar-17
19-03-2017 00:00,2017,Mar,Mar-17
20-03-2017 00:00,2017,Mar,Mar-17
21-03-2017 00:00,2017,Mar,Mar-17
22-03-2017 00:00,2017,Mar,Mar-17
23-03-2017 00:00,2017,Mar,Mar-17
24-03-2017 00:00,2017,Mar,Mar-17
25-03-2017 00:00,2017,Mar,Mar-17
26-03-2017 00:00,2017,Mar,Mar-17
27-03-2017 00:00,2017,Mar,Mar-17
28-03-2017 00:00,2017,Mar,Mar-17
29-03-2017 00:00,2017,Mar,Mar-17
30-03-2017 00:00,2017,Mar,Mar-17
31-03-2017 00:00,2017,Mar,Mar-17
01-04-2017 00:00,2017,Apr,Apr-17
02-04-2017 00:00,2017,Apr,Apr-17
03-04-2017 00:00,2017,Apr,Apr-17
04-04-2017 00:00,2017,Apr,Apr-17
05-04-2017 00:00,2017,Apr,Apr-17
06-04-2017 00:00,2017,Apr,Apr-17
07-04-2017 00:00,2017,Apr,Apr-17
08-04-2017 00:00,2017,Apr,Apr-17
09-04-2017 00:00,2017,Apr,Apr-17
10-04-2017 00:00,2017,Apr,Apr-17
11-04-2017 00:00,2017,Apr,Apr-17
12-04-2017 00:00,2017,Apr,Apr-17
13-04-2017 00:00,2017,Apr,Apr-17
14-04-2017 00:00,2017,Apr,Apr-17
15-04-2017 00:00,2017,Apr,Apr-17
16-04-2017 00:00,2017,Apr,Apr-17
17-04-2017 00:00,2017,Apr,Apr-17
18-04-2017 00:00,2017,Apr,Apr-17
19-04-2017 00:00,2017,Apr,Apr-17
20-04-2017 00:00,2017,Apr,Apr-17
21-04-2017 00:00,2017,Apr,Apr-17
22-04-2017 00:00,2017,Apr,Apr-17
23-04-2017 00:00,2017,Apr,Apr-17
24-04-2017 00:00,2017,Apr,Apr-17
25-04-2017 00:00,2017,Apr,Apr-17
26-04-2017 00:00,2017,Apr,Apr-17
27-04-2017 00:00,2017,Apr,Apr-17
28-04-2017 00:00,2017,Apr,Apr-17
29-04-2017 00:00,2017,Apr,Apr-17
30-04-2017 00:00,2017,Apr,Apr-17
01-05-2017 00:00,2017,May,May-17
02-05-2017 00:00,2017,May,May-17
03-05-2017 00:00,2017,May,May-17
04-05-2017 00:00,2017,May,May-17
05-05-2017 00:00,2017,May,May-17
06-05-2017 00:00,2017,May,May-17
07-05-2017 00:00,2017,May,May-17
08-05-2017 00:00,2017,May,May-17
09-05-2017 00:00,2017,May,May-17
10-05-2017 00:00,2017,May,May-17
11-05-2017 00:00,2017,May,May-17
12-05-2017 00:00,2017,May,May-17
13-05-2017 00:00,2017,May,May-17
14-05-2017 00:00,2017,May,May-17
15-05-2017 00:00,2017,May,May-17
16-05-2017 00:00,2017,May,May-17
17-05-2017 00:00,2017,May,May-17
18-05-2017 00:00,2017,May,May-17
19-05-2017 00:00,2017,May,May-17
20-05-2017 00:00,2017,May,May-17
21-05-2017 00:00,2017,May,May-17
22-05-2017 00:00,2017,May,May-17
23-05-2017 00:00,2017,May,May-17
24-05-2017 00:00,2017,May,May-17
25-05-2017 00:00,2017,May,May-17
26-05-2017 00:00,2017,May,May-17
27-05-2017 00:00,2017,May,May-17
28-05-2017 00:00,2017,May,May-17
29-05-2017 00:00,2017,May,May-17
30-05-2017 00:00,2017,May,May-17
31-05-2017 00:00,2017,May,May-17
01-06-2017 00:00,2017,Jun,Jun-17
02-06-2017 00:00,2017,Jun,Jun-17
03-06-2017 00:00,2017,Jun,Jun-17
04-06-2017 00:00,2017,Jun,Jun-17
05-06-2017 00:00,2017,Jun,Jun-17
06-06-2017 00:00,2017,Jun,Jun-17
07-06-2017 00:00,2017,Jun,Jun-17
08-06-2017 00:00,2017,Jun,Jun-17
09-06-2017 00:00,2017,Jun,Jun-17
10-06-2017 00:00,2017,Jun,Jun-17
11-06-2017 00:00,2017,Jun,Jun-17
12-06-2017 00:00,2017,Jun,Jun-17
13-06-2017 00:00,2017,Jun,Jun-17
14-06-2017 00:00,2017,Jun,Jun-17
15-06-2017 00:00,2017,Jun,Jun-17
16-06-2017 00:00,2017,Jun,Jun-17
17-06-2017 00:00,2017,Jun,Jun-17
18-06-2017 00:00,2017,Jun,Jun-17
19-06-2017 00:00,2017,Jun,Jun-17
20-06-2017 00:00,2017,Jun,Jun-17
21-06-2017 00:00,2017,Jun,Jun-17
22-06-2017 00:00,2017,Jun,Jun-17
23-06-2017 00:00,2017,Jun,Jun-17
24-06-2017 00:00,2017,Jun,Jun-17
25-06-2017 00:00,2017,Jun,Jun-17
26-06-2017 00:00,2017,Jun,Jun-17
27-06-2017 00:00,2017,Jun,Jun-17
28-06-2017 00:00,2017,Jun,Jun-17
29-06-2017 00:00,2017,Jun,Jun-17
30-06-2017 00:00,2017,Jun,Jun-17
01-07-2017 00:00,2017,Jul,Jul-17
02-07-2017 00:00,2017,Jul,Jul-17
03-07-2017 00:00,2017,Jul,Jul-17
04-07-2017 00:00,2017,Jul,Jul-17
05-07-2017 00:00,2017,Jul,Jul-17
06-07-2017 00:00,2017,Jul,Jul-17
07-07-2017 00:00,2017,Jul,Jul-17
08-07-2017 00:00,2017,Jul,Jul-17
09-07-2017 00:00,2017,Jul,Jul-17
10-07-2017 00:00,2017,Jul,Jul-17
11-07-2017 00:00,2017,Jul,Jul-17
12-07-2017 00:00,2017,Jul,Jul-17
13-07-2017 00:00,2017,Jul,Jul-17
14-07-2017 00:00,2017,Jul,Jul-17
15-07-2017 00:00,2017,Jul,Jul-17
16-07-2017 00:00,2017,Jul,Jul-17
17-07-2017 00:00,2017,Jul,Jul-17
18-07-2017 00:00,2017,Jul,Jul-17
19-07-2017 00:00,2017,Jul,Jul-17
20-07-2017 00:00,2017,Jul,Jul-17
21-07-2017 00:00,2017,Jul,Jul-17
22-07-2017 00:00,2017,Jul,Jul-17
23-07-2017 00:00,2017,Jul,Jul-17
24-07-2017 00:00,2017,Jul,Jul-17
25-07-2017 00:00,2017,Jul,Jul-17
26-07-2017 00:00,2017,Jul,Jul-17
27-07-2017 00:00,2017,Jul,Jul-17
28-07-2017 00:00,2017,Jul,Jul-17
29-07-2017 00:00,2017,Jul,Jul-17
30-07-2017 00:00,2017,Jul,Jul-17
31-07-2017 00:00,2017,Jul,Jul-17
01-08-2017 00:00,2017,Aug,Aug-17
02-08-2017 00:00,2017,Aug,Aug-17
03-08-2017 00:00,2017,Aug,Aug-17
04-08-2017 00:00,2017,Aug,Aug-17
05-08-2017 00:00,2017,Aug,Aug-17
06-08-2017 00:00,2017,Aug,Aug-17
07-08-2017 00:00,2017,Aug,Aug-17
08-08-2017 00:00,2017,Aug,Aug-17
09-08-2017 00:00,2017,Aug,Aug-17
10-08-2017 00:00,2017,Aug,Aug-17
11-08-2017 00:00,2017,Aug,Aug-17
12-08-2017 00:00,2017,Aug,Aug-17
13-08-2017 00:00,2017,Aug,Aug-17
14-08-2017 00:00,2017,Aug,Aug-17
15-08-2017 00:00,2017,Aug,Aug-17
16-08-2017 00:00,2017,Aug,Aug-17
17-08-2017 00:00,2017,Aug,Aug-17
18-08-2017 00:00,2017,Aug,Aug-17
19-08-2017 00:00,2017,Aug,Aug-17
20-08-2017 00:00,2017,Aug,Aug-17
21-08-2017 00:00,2017,Aug,Aug-17
22-08-2017 00:00,2017,Aug,Aug-17
23-08-2017 00:00,2017,Aug,Aug-17
24-08-2017 00:00,2017,Aug,Aug-17
25-08-2017 00:00,2017,Aug,Aug-17
26-08-2017 00:00,2017,Aug,Aug-17
27-08-2017 00:00,2017,Aug,Aug-17
28-08-2017 00:00,2017,Aug,Aug-17
29-08-2017 00:00,2017,Aug,Aug-17
30-08-2017 00:00,2017,Aug,Aug-17
31-08-2017 00:00,2017,Aug,Aug-17
01-09-2017 00:00,2017,Sep,Sep-17
02-09-2017 00:00,2017,Sep,Sep-17
03-09-2017 00:00,2017,Sep,Sep-17
04-09-2017 00:00,2017,Sep,Sep-17
05-09-2017 00:00,2017,Sep,Sep-17
06-09-2017 00:00,2017,Sep,Sep-17
07-09-2017 00:00,2017,Sep,Sep-17
08-09-2017 00:00,2017,Sep,Sep-17
09-09-2017 00:00,2017,Sep,Sep-17
10-09-2017 00:00,2017,Sep,Sep-17
11-09-2017 00:00,2017,Sep,Sep-17
12-09-2017 00:00,2017,Sep,Sep-17
13-09-2017 00:00,2017,Sep,Sep-17
14-09-2017 00:00,2017,Sep,Sep-17
15-09-2017 00:00,2017,Sep,Sep-17
16-09-2017 00:00,2017,Sep,Sep-17
17-09-2017 00:00,2017,Sep,Sep-17
18-09-2017 00:00,2017,Sep,Sep-17
19-09-2017 00:00,2017,Sep,Sep-17
20-09-2017 00:00,2017,Sep,Sep-17
21-09-2017 00:00,2017,Sep,Sep-17
22-09-2017 00:00,2017,Sep,Sep-17
23-09-2017 00:00,2017,Sep,Sep-17
24-09-2017 00:00,2017,Sep,Sep-17
25-09-2017 00:00,2017,Sep,Sep-17
26-09-2017 00:00,2017,Sep,Sep-17
27-09-2017 00:00,2017,Sep,Sep-17
28-09-2017 00:00,2017,Sep,Sep-17
29-09-2017 00:00,2017,Sep,Sep-17
30-09-2017 00:00,2017,Sep,Sep-17
01-10-2017 00:00,2017,Oct,Oct-17
02-10-2017 00:00,2017,Oct,Oct-17
03-10-2017 00:00,2017,Oct,Oct-17
04-10-2017 00:00,2017,Oct,Oct-17
05-10-2017 00:00,2017,Oct,Oct-17
06-10-2017 00:00,2017,Oct,Oct-17
07-10-2017 00:00,2017,Oct,Oct-17
08-10-2017 00:00,2017,Oct,Oct-17
09-10-2017 00:00,2017,Oct,Oct-17
10-10-2017 00:00,2017,Oct,Oct-17
11-10-2017 00:00,2017,Oct,Oct-17
12-10-2017 00:00,2017,Oct,Oct-17
13-10-2017 00:00,2017,Oct,Oct-17
14-10-2017 00:00,2017,Oct,Oct-17
15-10-2017 00:00,2017,Oct,Oct-17
16-10-2017 00:00,2017,Oct,Oct-17
17-10-2017 00:00,2017,Oct,Oct-17
18-10-2017 00:00,2017,Oct,Oct-17
19-10-2017 00:00,2017,Oct,Oct-17
20-10-2017 00:00,2017,Oct,Oct-17
21-10-2017 00:00,2017,Oct,Oct-17
22-10-2017 00:00,2017,Oct,Oct-17
23-10-2017 00:00,2017,Oct,Oct-17
24-10-2017 00:00,2017,Oct,Oct-17
25-10-2017 00:00,2017,Oct,Oct-17
26-10-2017 00:00,2017,Oct,Oct-17
27-10-2017 00:00,2017,Oct,Oct-17
28-10-2017 00:00,2017,Oct,Oct-17
29-10-2017 00:00,2017,Oct,Oct-17
30-10-2017 00:00,2017,Oct,Oct-17
31-10-2017 00:00,2017,Oct,Oct-17
01-11-2017 00:00,2017,Nov,Nov-17
02-11-2017 00:00,2017,Nov,Nov-17
03-11-2017 00:00,2017,Nov,Nov-17
04-11-2017 00:00,2017,Nov,Nov-17
05-11-2017 00:00,2017,Nov,Nov-17
06-11-2017 00:00,2017,Nov,Nov-17
07-11-2017 00:00,2017,Nov,Nov-17
08-11-2017 00:00,2017,Nov,Nov-17
09-11-2017 00:00,2017,Nov,Nov-17
10-11-2017 00:00,2017,Nov,Nov-17
11-11-2017 00:00,2017,Nov,Nov-17
12-11-2017 00:00,2017,Nov,Nov-17
13-11-2017 00:00,2017,Nov,Nov-17
14-11-2017 00:00,2017,Nov,Nov-17
15-11-2017 00:00,2017,Nov,Nov-17
16-11-2017 00:00,2017,Nov,Nov-17
17-11-2017 00:00,2017,Nov,Nov-17
18-11-2017 00:00,2017,Nov,Nov-17
19-11-2017 00:00,2017,Nov,Nov-17
20-11-2017 00:00,2017,Nov,Nov-17
21-11-2017 00:00,2017,Nov,Nov-17
22-11-2017 00:00,2017,Nov,Nov-17
23-11-2017 00:00,2017,Nov,Nov-17
24-11-2017 00:00,2017,Nov,Nov-17
25-11-2017 00:00,2017,Nov,Nov-17
26-11-2017 00:00,2017,Nov,Nov-17
27-11-2017 00:00,2017,Nov,Nov-17
28-11-2017 00:00,2017,Nov,Nov-17
29-11-2017 00:00,2017,Nov,Nov-17
30-11-2017 00:00,2017,Nov,Nov-17
01-12-2017 00:00,2017,Dec,Dec-17
02-12-2017 00:00,2017,Dec,Dec-17
03-12-2017 00:00,2017,Dec,Dec-17
04-12-2017 00:00,2017,Dec,Dec-17
05-12-2017 00:00,2017,Dec,Dec-17
06-12-2017 00:00,2017,Dec,Dec-17
07-12-2017 00:00,2017,Dec,Dec-17
08-12-2017 00:00,2017,Dec,Dec-17
09-12-2017 00:00,2017,Dec,Dec-17
10-12-2017 00:00,2017,Dec,Dec-17
11-12-2017 00:00,2017,Dec,Dec-17
12-12-2017 00:00,2017,Dec,Dec-17
13-12-2017 00:00,2017,Dec,Dec-17
14-12-2017 00:00,2017,Dec,Dec-17
15-12-2017 00:00,2017,Dec,Dec-17
16-12-2017 00:00,2017,Dec,Dec-17
17-12-2017 00:00,2017,Dec,Dec-17
18-12-2017 00:00,2017,Dec,Dec-17
19-12-2017 00:00,2017,Dec,Dec-17
20-12-2017 00:00,2017,Dec,Dec-17
21-12-2017 00:00,2017,Dec,Dec-17
22-12-2017 00:00,2017,Dec,Dec-17
23-12-2017 00:00,2017,Dec,Dec-17
24-12-2017 00:00,2017,Dec,Dec-17
25-12-2017 00:00,2017,Dec,Dec-17
26-12-2017 00:00,2017,Dec,Dec-17
27-12-2017 00:00,2017,Dec,Dec-17
28-12-2017 00:00,2017,Dec,Dec-17
29-12-2017 00:00,2017,Dec,Dec-17
30-12-2017 00:00,2017,Dec,Dec-17
31-12-2017 00:00,2017,Dec,Dec-17
01-01-2018 00:00,2018,Jan,Jan-18
02-01-2018 00:00,2018,Jan,Jan-18
03-01-2018 00:00,2018,Jan,Jan-18
04-01-2018 00:00,2018,Jan,Jan-18
05-01-2018 00:00,2018,Jan,Jan-18
06-01-2018 00:00,2018,Jan,Jan-18
07-01-2018 00:00,2018,Jan,Jan-18
08-01-2018 00:00,2018,Jan,Jan-18
09-01-2018 00:00,2018,Jan,Jan-18
10-01-2018 00:00,2018,Jan,Jan-18
11-01-2018 00:00,2018,Jan,Jan-18
12-01-2018 00:00,2018,Jan,Jan-18
13-01-2018 00:00,2018,Jan,Jan-18
14-01-2018 00:00,2018,Jan,Jan-18
15-01-2018 00:00,2018,Jan,Jan-18
16-01-2018 00:00,2018,Jan,Jan-18
17-01-2018 00:00,2018,Jan,Jan-18
18-01-2018 00:00,2018,Jan,Jan-18
19-01-2018 00:00,2018,Jan,Jan-18
20-01-2018 00:00,2018,Jan,Jan-18
21-01-2018 00:00,2018,Jan,Jan-18
22-01-2018 00:00,2018,Jan,Jan-18
23-01-2018 00:00,2018,Jan,Jan-18
24-01-2018 00:00,2018,Jan,Jan-18
25-01-2018 00:00,2018,Jan,Jan-18
26-01-2018 00:00,2018,Jan,Jan-18
27-01-2018 00:00,2018,Jan,Jan-18
28-01-2018 00:00,2018,Jan,Jan-18
29-01-2018 00:00,2018,Jan,Jan-18
30-01-2018 00:00,2018,Jan,Jan-18
31-01-2018 00:00,2018,Jan,Jan-18
01-02-2018 00:00,2018,Feb,Feb-18
02-02-2018 00:00,2018,Feb,Feb-18
03-02-2018 00:00,2018,Feb,Feb-18
04-02-2018 00:00,2018,Feb,Feb-18
05-02-2018 00:00,2018,Feb,Feb-18
06-02-2018 00:00,2018,Feb,Feb-18
07-02-2018 00:00,2018,Feb,Feb-18
08-02-2018 00:00,2018,Feb,Feb-18
09-02-2018 00:00,2018,Feb,Feb-18
10-02-2018 00:00,2018,Feb,Feb-18
11-02-2018 00:00,2018,Feb,Feb-18
12-02-2018 00:00,2018,Feb,Feb-18
13-02-2018 00:00,2018,Feb,Feb-18
14-02-2018 00:00,2018,Feb,Feb-18
15-02-2018 00:00,2018,Feb,Feb-18
16-02-2018 00:00,2018,Feb,Feb-18
17-02-2018 00:00,2018,Feb,Feb-18
18-02-2018 00:00,2018,Feb,Feb-18
19-02-2018 00:00,2018,Feb,Feb-18
20-02-2018 00:00,2018,Feb,Feb-18
21-02-2018 00:00,2018,Feb,Feb-18
22-02-2018 00:00,2018,Feb,Feb-18
23-02-2018 00:00,2018,Feb,Feb-18
24-02-2018 00:00,2018,Feb,Feb-18
25-02-2018 00:00,2018,Feb,Feb-18
26-02-2018 00:00,2018,Feb,Feb-18
27-02-2018 00:00,2018,Feb,Feb-18
28-02-2018 00:00,2018,Feb,Feb-18
01-03-2018 00:00,2018,Mar,Mar-18
02-03-2018 00:00,2018,Mar,Mar-18
03-03-2018 00:00,2018,Mar,Mar-18
04-03-2018 00:00,2018,Mar,Mar-18
05-03-2018 00:00,2018,Mar,Mar-18
06-03-2018 00:00,2018,Mar,Mar-18
07-03-2018 00:00,2018,Mar,Mar-18
08-03-2018 00:00,2018,Mar,Mar-18
09-03-2018 00:00,2018,Mar,Mar-18
10-03-2018 00:00,2018,Mar,Mar-18
11-03-2018 00:00,2018,Mar,Mar-18
12-03-2018 00:00,2018,Mar,Mar-18
13-03-2018 00:00,2018,Mar,Mar-18
14-03-2018 00:00,2018,Mar,Mar-18
15-03-2018 00:00,2018,Mar,Mar-18
16-03-2018 00:00,2018,Mar,Mar-18
17-03-2018 00:00,2018,Mar,Mar-18
18-03-2018 00:00,2018,Mar,Mar-18
19-03-2018 00:00,2018,Mar,Mar-18
20-03-2018 00:00,2018,Mar,Mar-18
21-03-2018 00:00,2018,Mar,Mar-18
22-03-2018 00:00,2018,Mar,Mar-18
23-03-2018 00:00,2018,Mar,Mar-18
24-03-2018 00:00,2018,Mar,Mar-18
25-03-2018 00:00,2018,Mar,Mar-18
26-03-2018 00:00,2018,Mar,Mar-18
27-03-2018 00:00,2018,Mar,Mar-18
28-03-2018 00:00,2018,Mar,Mar-18
29-03-2018 00:00,2018,Mar,Mar-18
30-03-2018 00:00,2018,Mar,Mar-18
31-03-2018 00:00,2018,Mar,Mar-18
01-04-2018 00:00,2018,Apr,Apr-18
02-04-2018 00:00,2018,Apr,Apr-18
03-04-2018 00:00,2018,Apr,Apr-18
04-04-2018 00:00,2018,Apr,Apr-18
05-04-2018 00:00,2018,Apr,Apr-18
06-04-2018 00:00,2018,Apr,Apr-18
07-04-2018 00:00,2018,Apr,Apr-18
08-04-2018 00:00,2018,Apr,Apr-18
09-04-2018 00:00,2018,Apr,Apr-18
10-04-2018 00:00,2018,Apr,Apr-18
11-04-2018 00:00,2018,Apr,Apr-18
12-04-2018 00:00,2018,Apr,Apr-18
13-04-2018 00:00,2018,Apr,Apr-18
14-04-2018 00:00,2018,Apr,Apr-18
15-04-2018 00:00,2018,Apr,Apr-18
16-04-2018 00:00,2018,Apr,Apr-18
17-04-2018 00:00,2018,Apr,Apr-18
18-04-2018 00:00,2018,Apr,Apr-18
19-04-2018 00:00,2018,Apr,Apr-18
20-04-2018 00:00,2018,Apr,Apr-18
21-04-2018 00:00,2018,Apr,Apr-18
22-04-2018 00:00,2018,Apr,Apr-18
23-04-2018 00:00,2018,Apr,Apr-18
24-04-2018 00:00,2018,Apr,Apr-18
25-04-2018 00:00,2018,Apr,Apr-18
26-04-2018 00:00,2018,Apr,Apr-18
27-04-2018 00:00,2018,Apr,Apr-18
28-04-2018 00:00,2018,Apr,Apr-18
29-04-2018 00:00,2018,Apr,Apr-18
30-04-2018 00:00,2018,Apr,Apr-18
01-05-2018 00:00,2018,May,May-18
02-05-2018 00:00,2018,May,May-18
03-05-2018 00:00,2018,May,May-18
04-05-2018 00:00,2018,May,May-18
05-05-2018 00:00,2018,May,May-18
06-05-2018 00:00,2018,May,May-18
07-05-2018 00:00,2018,May,May-18
08-05-2018 00:00,2018,May,May-18
09-05-2018 00:00,2018,May,May-18
10-05-2018 00:00,2018,May,May-18
11-05-2018 00:00,2018,May,May-18
12-05-2018 00:00,2018,May,May-18
13-05-2018 00:00,2018,May,May-18
14-05-2018 00:00,2018,May,May-18
15-05-2018 00:00,2018,May,May-18
16-05-2018 00:00,2018,May,May-18
17-05-2018 00:00,2018,May,May-18
18-05-2018 00:00,2018,May,May-18
19-05-2018 00:00,2018,May,May-18
20-05-2018 00:00,2018,May,May-18
21-05-2018 00:00,2018,May,May-18
22-05-2018 00:00,2018,May,May-18
23-05-2018 00:00,2018,May,May-18
24-05-2018 00:00,2018,May,May-18
25-05-2018 00:00,2018,May,May-18
26-05-2018 00:00,2018,May,May-18
27-05-2018 00:00,2018,May,May-18
28-05-2018 00:00,2018,May,May-18
29-05-2018 00:00,2018,May,May-18
30-05-2018 00:00,2018,May,May-18
31-05-2018 00:00,2018,May,May-18
01-06-2018 00:00,2018,Jun,Jun-18
02-06-2018 00:00,2018,Jun,Jun-18
03-06-2018 00:00,2018,Jun,Jun-18
04-06-2018 00:00,2018,Jun,Jun-18
05-06-2018 00:00,2018,Jun,Jun-18
06-06-2018 00:00,2018,Jun,Jun-18
07-06-2018 00:00,2018,Jun,Jun-18
08-06-2018 00:00,2018,Jun,Jun-18
09-06-2018 00:00,2018,Jun,Jun-18
10-06-2018 00:00,2018,Jun,Jun-18
11-06-2018 00:00,2018,Jun,Jun-18
12-06-2018 00:00,2018,Jun,Jun-18
13-06-2018 00:00,2018,Jun,Jun-18
14-06-2018 00:00,2018,Jun,Jun-18
15-06-2018 00:00,2018,Jun,Jun-18
16-06-2018 00:00,2018,Jun,Jun-18
17-06-2018 00:00,2018,Jun,Jun-18
18-06-2018 00:00,2018,Jun,Jun-18
19-06-2018 00:00,2018,Jun,Jun-18
20-06-2018 00:00,2018,Jun,Jun-18
21-06-2018 00:00,2018,Jun,Jun-18
22-06-2018 00:00,2018,Jun,Jun-18
23-06-2018 00:00,2018,Jun,Jun-18
24-06-2018 00:00,2018,Jun,Jun-18
25-06-2018 00:00,2018,Jun,Jun-18
26-06-2018 00:00,2018,Jun,Jun-18
27-06-2018 00:00,2018,Jun,Jun-18
28-06-2018 00:00,2018,Jun,Jun-18
29-06-2018 00:00,2018,Jun,Jun-18
30-06-2018 00:00,2018,Jun,Jun-18
01-07-2018 00:00,2018,Jul,Jul-18
02-07-2018 00:00,2018,Jul,Jul-18
03-07-2018 00:00,2018,Jul,Jul-18
04-07-2018 00:00,2018,Jul,Jul-18
05-07-2018 00:00,2018,Jul,Jul-18
06-07-2018 00:00,2018,Jul,Jul-18
07-07-2018 00:00,2018,Jul,Jul-18
08-07-2018 00:00,2018,Jul,Jul-18
09-07-2018 00:00,2018,Jul,Jul-18
10-07-2018 00:00,2018,Jul,Jul-18
11-07-2018 00:00,2018,Jul,Jul-18
12-07-2018 00:00,2018,Jul,Jul-18
13-07-2018 00:00,2018,Jul,Jul-18
14-07-2018 00:00,2018,Jul,Jul-18
15-07-2018 00:00,2018,Jul,Jul-18
16-07-2018 00:00,2018,Jul,Jul-18
17-07-2018 00:00,2018,Jul,Jul-18
18-07-2018 00:00,2018,Jul,Jul-18
19-07-2018 00:00,2018,Jul,Jul-18
20-07-2018 00:00,2018,Jul,Jul-18
21-07-2018 00:00,2018,Jul,Jul-18
22-07-2018 00:00,2018,Jul,Jul-18
23-07-2018 00:00,2018,Jul,Jul-18
24-07-2018 00:00,2018,Jul,Jul-18
25-07-2018 00:00,2018,Jul,Jul-18
26-07-2018 00:00,2018,Jul,Jul-18
27-07-2018 00:00,2018,Jul,Jul-18
28-07-2018 00:00,2018,Jul,Jul-18
29-07-2018 00:00,2018,Jul,Jul-18
30-07-2018 00:00,2018,Jul,Jul-18
31-07-2018 00:00,2018,Jul,Jul-18
01-08-2018 00:00,2018,Aug,Aug-18
02-08-2018 00:00,2018,Aug,Aug-18
03-08-2018 00:00,2018,Aug,Aug-18
04-08-2018 00:00,2018,Aug,Aug-18
05-08-2018 00:00,2018,Aug,Aug-18
06-08-2018 00:00,2018,Aug,Aug-18
07-08-2018 00:00,2018,Aug,Aug-18
08-08-2018 00:00,2018,Aug,Aug-18
09-08-2018 00:00,2018,Aug,Aug-18
10-08-2018 00:00,2018,Aug,Aug-18
11-08-2018 00:00,2018,Aug,Aug-18
12-08-2018 00:00,2018,Aug,Aug-18
13-08-2018 00:00,2018,Aug,Aug-18
14-08-2018 00:00,2018,Aug,Aug-18
15-08-2018 00:00,2018,Aug,Aug-18
16-08-2018 00:00,2018,Aug,Aug-18
17-08-2018 00:00,2018,Aug,Aug-18
18-08-2018 00:00,2018,Aug,Aug-18
19-08-2018 00:00,2018,Aug,Aug-18
20-08-2018 00:00,2018,Aug,Aug-18
21-08-2018 00:00,2018,Aug,Aug-18
22-08-2018 00:00,2018,Aug,Aug-18
23-08-2018 00:00,2018,Aug,Aug-18
24-08-2018 00:00,2018,Aug,Aug-18
25-08-2018 00:00,2018,Aug,Aug-18
26-08-2018 00:00,2018,Aug,Aug-18
27-08-2018 00:00,2018,Aug,Aug-18
28-08-2018 00:00,2018,Aug,Aug-18
29-08-2018 00:00,2018,Aug,Aug-18
30-08-2018 00:00,2018,Aug,Aug-18
31-08-2018 00:00,2018,Aug,Aug-18
01-09-2018 00:00,2018,Sep,Sep-18
02-09-2018 00:00,2018,Sep,Sep-18
03-09-2018 00:00,2018,Sep,Sep-18
04-09-2018 00:00,2018,Sep,Sep-18
05-09-2018 00:00,2018,Sep,Sep-18
06-09-2018 00:00,2018,Sep,Sep-18
07-09-2018 00:00,2018,Sep,Sep-18
08-09-2018 00:00,2018,Sep,Sep-18
09-09-2018 00:00,2018,Sep,Sep-18
10-09-2018 00:00,2018,Sep,Sep-18
11-09-2018 00:00,2018,Sep,Sep-18
12-09-2018 00:00,2018,Sep,Sep-18
13-09-2018 00:00,2018,Sep,Sep-18
14-09-2018 00:00,2018,Sep,Sep-18
15-09-2018 00:00,2018,Sep,Sep-18
16-09-2018 00:00,2018,Sep,Sep-18
17-09-2018 00:00,2018,Sep,Sep-18
18-09-2018 00:00,2018,Sep,Sep-18
19-09-2018 00:00,2018,Sep,Sep-18
20-09-2018 00:00,2018,Sep,Sep-18
21-09-2018 00:00,2018,Sep,Sep-18
22-09-2018 00:00,2018,Sep,Sep-18
23-09-2018 00:00,2018,Sep,Sep-18
24-09-2018 00:00,2018,Sep,Sep-18
25-09-2018 00:00,2018,Sep,Sep-18
26-09-2018 00:00,2018,Sep,Sep-18
27-09-2018 00:00,2018,Sep,Sep-18
28-09-2018 00:00,2018,Sep,Sep-18
29-09-2018 00:00,2018,Sep,Sep-18
30-09-2018 00:00,2018,Sep,Sep-18
01-10-2018 00:00,2018,Oct,Oct-18
02-10-2018 00:00,2018,Oct,Oct-18
03-10-2018 00:00,2018,Oct,Oct-18
04-10-2018 00:00,2018,Oct,Oct-18
05-10-2018 00:00,2018,Oct,Oct-18
06-10-2018 00:00,2018,Oct,Oct-18
07-10-2018 00:00,2018,Oct,Oct-18
08-10-2018 00:00,2018,Oct,Oct-18
09-10-2018 00:00,2018,Oct,Oct-18
10-10-2018 00:00,2018,Oct,Oct-18
11-10-2018 00:00,2018,Oct,Oct-18
12-10-2018 00:00,2018,Oct,Oct-18
13-10-2018 00:00,2018,Oct,Oct-18
14-10-2018 00:00,2018,Oct,Oct-18
15-10-2018 00:00,2018,Oct,Oct-18
16-10-2018 00:00,2018,Oct,Oct-18
17-10-2018 00:00,2018,Oct,Oct-18
18-10-2018 00:00,2018,Oct,Oct-18
19-10-2018 00:00,2018,Oct,Oct-18
20-10-2018 00:00,2018,Oct,Oct-18
21-10-2018 00:00,2018,Oct,Oct-18
22-10-2018 00:00,2018,Oct,Oct-18
23-10-2018 00:00,2018,Oct,Oct-18
24-10-2018 00:00,2018,Oct,Oct-18
25-10-2018 00:00,2018,Oct,Oct-18
26-10-2018 00:00,2018,Oct,Oct-18
27-10-2018 00:00,2018,Oct,Oct-18
28-10-2018 00:00,2018,Oct,Oct-18
29-10-2018 00:00,2018,Oct,Oct-18
30-10-2018 00:00,2018,Oct,Oct-18
31-10-2018 00:00,2018,Oct,Oct-18
01-11-2018 00:00,2018,Nov,Nov-18
02-11-2018 00:00,2018,Nov,Nov-18
03-11-2018 00:00,2018,Nov,Nov-18
04-11-2018 00:00,2018,Nov,Nov-18
05-11-2018 00:00,2018,Nov,Nov-18
06-11-2018 00:00,2018,Nov,Nov-18
07-11-2018 00:00,2018,Nov,Nov-18
08-11-2018 00:00,2018,Nov,Nov-18
09-11-2018 00:00,2018,Nov,Nov-18
10-11-2018 00:00,2018,Nov,Nov-18
11-11-2018 00:00,2018,Nov,Nov-18
12-11-2018 00:00,2018,Nov,Nov-18
13-11-2018 00:00,2018,Nov,Nov-18
14-11-2018 00:00,2018,Nov,Nov-18
15-11-2018 00:00,2018,Nov,Nov-18
16-11-2018 00:00,2018,Nov,Nov-18
17-11-2018 00:00,2018,Nov,Nov-18
18-11-2018 00:00,2018,Nov,Nov-18
19-11-2018 00:00,2018,Nov,Nov-18
20-11-2018 00:00,2018,Nov,Nov-18
21-11-2018 00:00,2018,Nov,Nov-18
22-11-2018 00:00,2018,Nov,Nov-18
23-11-2018 00:00,2018,Nov,Nov-18
24-11-2018 00:00,2018,Nov,Nov-18
25-11-2018 00:00,2018,Nov,Nov-18
26-11-2018 00:00,2018,Nov,Nov-18
27-11-2018 00:00,2018,Nov,Nov-18
28-11-2018 00:00,2018,Nov,Nov-18
29-11-2018 00:00,2018,Nov,Nov-18
30-11-2018 00:00,2018,Nov,Nov-18
01-12-2018 00:00,2018,Dec,Dec-18
02-12-2018 00:00,2018,Dec,Dec-18
03-12-2018 00:00,2018,Dec,Dec-18
04-12-2018 00:00,2018,Dec,Dec-18
05-12-2018 00:00,2018,Dec,Dec-18
06-12-2018 00:00,2018,Dec,Dec-18
07-12-2018 00:00,2018,Dec,Dec-18
08-12-2018 00:00,2018,Dec,Dec-18
09-12-2018 00:00,2018,Dec,Dec-18
10-12-2018 00:00,2018,Dec,Dec-18
11-12-2018 00:00,2018,Dec,Dec-18
12-12-2018 00:00,2018,Dec,Dec-18
13-12-2018 00:00,2018,Dec,Dec-18
14-12-2018 00:00,2018,Dec,Dec-18
15-12-2018 00:00,2018,Dec,Dec-18
16-12-2018 00:00,2018,Dec,Dec-18
17-12-2018 00:00,2018,Dec,Dec-18
18-12-2018 00:00,2018,Dec,Dec-18
19-12-2018 00:00,2018,Dec,Dec-18
20-12-2018 00:00,2018,Dec,Dec-18
21-12-2018 00:00,2018,Dec,Dec-18
22-12-2018 00:00,2018,Dec,Dec-18
23-12-2018 00:00,2018,Dec,Dec-18
24-12-2018 00:00,2018,Dec,Dec-18
25-12-2018 00:00,2018,Dec,Dec-18
26-12-2018 00:00,2018,Dec,Dec-18
27-12-2018 00:00,2018,Dec,Dec-18
28-12-2018 00:00,2018,Dec,Dec-18
29-12-2018 00:00,2018,Dec,Dec-18
30-12-2018 00:00,2018,Dec,Dec-18
31-12-2018 00:00,2018,Dec,Dec-18
01-01-2019 00:00,2019,Jan,Jan-19
02-01-2019 00:00,2019,Jan,Jan-19
03-01-2019 00:00,2019,Jan,Jan-19
04-01-2019 00:00,2019,Jan,Jan-19
05-01-2019 00:00,2019,Jan,Jan-19
06-01-2019 00:00,2019,Jan,Jan-19
07-01-2019 00:00,2019,Jan,Jan-19
08-01-2019 00:00,2019,Jan,Jan-19
09-01-2019 00:00,2019,Jan,Jan-19
10-01-2019 00:00,2019,Jan,Jan-19
11-01-2019 00:00,2019,Jan,Jan-19
12-01-2019 00:00,2019,Jan,Jan-19
13-01-2019 00:00,2019,Jan,Jan-19
14-01-2019 00:00,2019,Jan,Jan-19
15-01-2019 00:00,2019,Jan,Jan-19
16-01-2019 00:00,2019,Jan,Jan-19
17-01-2019 00:00,2019,Jan,Jan-19
18-01-2019 00:00,2019,Jan,Jan-19
19-01-2019 00:00,2019,Jan,Jan-19
20-01-2019 00:00,2019,Jan,Jan-19
21-01-2019 00:00,2019,Jan,Jan-19
22-01-2019 00:00,2019,Jan,Jan-19
23-01-2019 00:00,2019,Jan,Jan-19
24-01-2019 00:00,2019,Jan,Jan-19
25-01-2019 00:00,2019,Jan,Jan-19
26-01-2019 00:00,2019,Jan,Jan-19
27-01-2019 00:00,2019,Jan,Jan-19
28-01-2019 00:00,2019,Jan,Jan-19
29-01-2019 00:00,2019,Jan,Jan-19
30-01-2019 00:00,2019,Jan,Jan-19
31-01-2019 00:00,2019,Jan,Jan-19
01-02-2019 00:00,2019,Feb,Feb-19
02-02-2019 00:00,2019,Feb,Feb-19
03-02-2019 00:00,2019,Feb,Feb-19
04-02-2019 00:00,2019,Feb,Feb-19
05-02-2019 00:00,2019,Feb,Feb-19
06-02-2019 00:00,2019,Feb,Feb-19
07-02-2019 00:00,2019,Feb,Feb-19
08-02-2019 00:00,2019,Feb,Feb-19
09-02-2019 00:00,2019,Feb,Feb-19
10-02-2019 00:00,2019,Feb,Feb-19
11-02-2019 00:00,2019,Feb,Feb-19
12-02-2019 00:00,2019,Feb,Feb-19
13-02-2019 00:00,2019,Feb,Feb-19
14-02-2019 00:00,2019,Feb,Feb-19
15-02-2019 00:00,2019,Feb,Feb-19
16-02-2019 00:00,2019,Feb,Feb-19
17-02-2019 00:00,2019,Feb,Feb-19
18-02-2019 00:00,2019,Feb,Feb-19
19-02-2019 00:00,2019,Feb,Feb-19
20-02-2019 00:00,2019,Feb,Feb-19
21-02-2019 00:00,2019,Feb,Feb-19
22-02-2019 00:00,2019,Feb,Feb-19
23-02-2019 00:00,2019,Feb,Feb-19
24-02-2019 00:00,2019,Feb,Feb-19
25-02-2019 00:00,2019,Feb,Feb-19
26-02-2019 00:00,2019,Feb,Feb-19
27-02-2019 00:00,2019,Feb,Feb-19
28-02-2019 00:00,2019,Feb,Feb-19
01-03-2019 00:00,2019,Mar,Mar-19
02-03-2019 00:00,2019,Mar,Mar-19
03-03-2019 00:00,2019,Mar,Mar-19
04-03-2019 00:00,2019,Mar,Mar-19
05-03-2019 00:00,2019,Mar,Mar-19
06-03-2019 00:00,2019,Mar,Mar-19
07-03-2019 00:00,2019,Mar,Mar-19
08-03-2019 00:00,2019,Mar,Mar-19
09-03-2019 00:00,2019,Mar,Mar-19
10-03-2019 00:00,2019,Mar,Mar-19
11-03-2019 00:00,2019,Mar,Mar-19
12-03-2019 00:00,2019,Mar,Mar-19
13-03-2019 00:00,2019,Mar,Mar-19
14-03-2019 00:00,2019,Mar,Mar-19
15-03-2019 00:00,2019,Mar,Mar-19
16-03-2019 00:00,2019,Mar,Mar-19
17-03-2019 00:00,2019,Mar,Mar-19
18-03-2019 00:00,2019,Mar,Mar-19
19-03-2019 00:00,2019,Mar,Mar-19
20-03-2019 00:00,2019,Mar,Mar-19
21-03-2019 00:00,2019,Mar,Mar-19
22-03-2019 00:00,2019,Mar,Mar-19
23-03-2019 00:00,2019,Mar,Mar-19
24-03-2019 00:00,2019,Mar,Mar-19
25-03-2019 00:00,2019,Mar,Mar-19
26-03-2019 00:00,2019,Mar,Mar-19
27-03-2019 00:00,2019,Mar,Mar-19
28-03-2019 00:00,2019,Mar,Mar-19
29-03-2019 00:00,2019,Mar,Mar-19
30-03-2019 00:00,2019,Mar,Mar-19
31-03-2019 00:00,2019,Mar,Mar-19
01-04-2019 00:00,2019,Apr,Apr-19
02-04-2019 00:00,2019,Apr,Apr-19
03-04-2019 00:00,2019,Apr,Apr-19
04-04-2019 00:00,2019,Apr,Apr-19
05-04-2019 00:00,2019,Apr,Apr-19
06-04-2019 00:00,2019,Apr,Apr-19
07-04-2019 00:00,2019,Apr,Apr-19
08-04-2019 00:00,2019,Apr,Apr-19
09-04-2019 00:00,2019,Apr,Apr-19
10-04-2019 00:00,2019,Apr,Apr-19
11-04-2019 00:00,2019,Apr,Apr-19
12-04-2019 00:00,2019,Apr,Apr-19
13-04-2019 00:00,2019,Apr,Apr-19
14-04-2019 00:00,2019,Apr,Apr-19
15-04-2019 00:00,2019,Apr,Apr-19
16-04-2019 00:00,2019,Apr,Apr-19
17-04-2019 00:00,2019,Apr,Apr-19
18-04-2019 00:00,2019,Apr,Apr-19
19-04-2019 00:00,2019,Apr,Apr-19
20-04-2019 00:00,2019,Apr,Apr-19
21-04-2019 00:00,2019,Apr,Apr-19
22-04-2019 00:00,2019,Apr,Apr-19
23-04-2019 00:00,2019,Apr,Apr-19
24-04-2019 00:00,2019,Apr,Apr-19
25-04-2019 00:00,2019,Apr,Apr-19
26-04-2019 00:00,2019,Apr,Apr-19
27-04-2019 00:00,2019,Apr,Apr-19
28-04-2019 00:00,2019,Apr,Apr-19
29-04-2019 00:00,2019,Apr,Apr-19
30-04-2019 00:00,2019,Apr,Apr-19
01-05-2019 00:00,2019,May,May-19
02-05-2019 00:00,2019,May,May-19
03-05-2019 00:00,2019,May,May-19
04-05-2019 00:00,2019,May,May-19
05-05-2019 00:00,2019,May,May-19
06-05-2019 00:00,2019,May,May-19
07-05-2019 00:00,2019,May,May-19
08-05-2019 00:00,2019,May,May-19
09-05-2019 00:00,2019,May,May-19
10-05-2019 00:00,2019,May,May-19
11-05-2019 00:00,2019,May,May-19
12-05-2019 00:00,2019,May,May-19
13-05-2019 00:00,2019,May,May-19
14-05-2019 00:00,2019,May,May-19
15-05-2019 00:00,2019,May,May-19
16-05-2019 00:00,2019,May,May-19
17-05-2019 00:00,2019,May,May-19
18-05-2019 00:00,2019,May,May-19
19-05-2019 00:00,2019,May,May-19
20-05-2019 00:00,2019,May,May-19
21-05-2019 00:00,2019,May,May-19
22-05-2019 00:00,2019,May,May-19
23-05-2019 00:00,2019,May,May-19
24-05-2019 00:00,2019,May,May-19
25-05-2019 00:00,2019,May,May-19
26-05-2019 00:00,2019,May,May-19
27-05-2019 00:00,2019,May,May-19
28-05-2019 00:00,2019,May,May-19
29-05-2019 00:00,2019,May,May-19
30-05-2019 00:00,2019,May,May-19
31-05-2019 00:00,2019,May,May-19
01-06-2019 00:00,2019,Jun,Jun-19
02-06-2019 00:00,2019,Jun,Jun-19
03-06-2019 00:00,2019,Jun,Jun-19
04-06-2019 00:00,2019,Jun,Jun-19
05-06-2019 00:00,2019,Jun,Jun-19
06-06-2019 00:00,2019,Jun,Jun-19
07-06-2019 00:00,2019,Jun,Jun-19
08-06-2019 00:00,2019,Jun,Jun-19
09-06-2019 00:00,2019,Jun,Jun-19
10-06-2019 00:00,2019,Jun,Jun-19
11-06-2019 00:00,2019,Jun,Jun-19
12-06-2019 00:00,2019,Jun,Jun-19
13-06-2019 00:00,2019,Jun,Jun-19
14-06-2019 00:00,2019,Jun,Jun-19
15-06-2019 00:00,2019,Jun,Jun-19
16-06-2019 00:00,2019,Jun,Jun-19
17-06-2019 00:00,2019,Jun,Jun-19
18-06-2019 00:00,2019,Jun,Jun-19
19-06-2019 00:00,2019,Jun,Jun-19
20-06-2019 00:00,2019,Jun,Jun-19
21-06-2019 00:00,2019,Jun,Jun-19
22-06-2019 00:00,2019,Jun,Jun-19
23-06-2019 00:00,2019,Jun,Jun-19
24-06-2019 00:00,2019,Jun,Jun-19
25-06-2019 00:00,2019,Jun,Jun-19
26-06-2019 00:00,2019,Jun,Jun-19
27-06-2019 00:00,2019,Jun,Jun-19
28-06-2019 00:00,2019,Jun,Jun-19
29-06-2019 00:00,2019,Jun,Jun-19
30-06-2019 00:00,2019,Jun,Jun-19
01-07-2019 00:00,2019,Jul,Jul-19
02-07-2019 00:00,2019,Jul,Jul-19
03-07-2019 00:00,2019,Jul,Jul-19
04-07-2019 00:00,2019,Jul,Jul-19
05-07-2019 00:00,2019,Jul,Jul-19
06-07-2019 00:00,2019,Jul,Jul-19
07-07-2019 00:00,2019,Jul,Jul-19
08-07-2019 00:00,2019,Jul,Jul-19
09-07-2019 00:00,2019,Jul,Jul-19
10-07-2019 00:00,2019,Jul,Jul-19
11-07-2019 00:00,2019,Jul,Jul-19
12-07-2019 00:00,2019,Jul,Jul-19
13-07-2019 00:00,2019,Jul,Jul-19
14-07-2019 00:00,2019,Jul,Jul-19
15-07-2019 00:00,2019,Jul,Jul-19
16-07-2019 00:00,2019,Jul,Jul-19
17-07-2019 00:00,2019,Jul,Jul-19
18-07-2019 00:00,2019,Jul,Jul-19
19-07-2019 00:00,2019,Jul,Jul-19
20-07-2019 00:00,2019,Jul,Jul-19
21-07-2019 00:00,2019,Jul,Jul-19
22-07-2019 00:00,2019,Jul,Jul-19
23-07-2019 00:00,2019,Jul,Jul-19
24-07-2019 00:00,2019,Jul,Jul-19
25-07-2019 00:00,2019,Jul,Jul-19
26-07-2019 00:00,2019,Jul,Jul-19
27-07-2019 00:00,2019,Jul,Jul-19
28-07-2019 00:00,2019,Jul,Jul-19
29-07-2019 00:00,2019,Jul,Jul-19
30-07-2019 00:00,2019,Jul,Jul-19
31-07-2019 00:00,2019,Jul,Jul-19
01-08-2019 00:00,2019,Aug,Aug-19
02-08-2019 00:00,2019,Aug,Aug-19
03-08-2019 00:00,2019,Aug,Aug-19
04-08-2019 00:00,2019,Aug,Aug-19
05-08-2019 00:00,2019,Aug,Aug-19
06-08-2019 00:00,2019,Aug,Aug-19
07-08-2019 00:00,2019,Aug,Aug-19
08-08-2019 00:00,2019,Aug,Aug-19
09-08-2019 00:00,2019,Aug,Aug-19
10-08-2019 00:00,2019,Aug,Aug-19
11-08-2019 00:00,2019,Aug,Aug-19
12-08-2019 00:00,2019,Aug,Aug-19
13-08-2019 00:00,2019,Aug,Aug-19
14-08-2019 00:00,2019,Aug,Aug-19
15-08-2019 00:00,2019,Aug,Aug-19
16-08-2019 00:00,2019,Aug,Aug-19
17-08-2019 00:00,2019,Aug,Aug-19
18-08-2019 00:00,2019,Aug,Aug-19
19-08-2019 00:00,2019,Aug,Aug-19
20-08-2019 00:00,2019,Aug,Aug-19
21-08-2019 00:00,2019,Aug,Aug-19
22-08-2019 00:00,2019,Aug,Aug-19
23-08-2019 00:00,2019,Aug,Aug-19
24-08-2019 00:00,2019,Aug,Aug-19
25-08-2019 00:00,2019,Aug,Aug-19
26-08-2019 00:00,2019,Aug,Aug-19
27-08-2019 00:00,2019,Aug,Aug-19
28-08-2019 00:00,2019,Aug,Aug-19
29-08-2019 00:00,2019,Aug,Aug-19
30-08-2019 00:00,2019,Aug,Aug-19
31-08-2019 00:00,2019,Aug,Aug-19
01-09-2019 00:00,2019,Sep,Sep-19
02-09-2019 00:00,2019,Sep,Sep-19
03-09-2019 00:00,2019,Sep,Sep-19
04-09-2019 00:00,2019,Sep,Sep-19
05-09-2019 00:00,2019,Sep,Sep-19
06-09-2019 00:00,2019,Sep,Sep-19
07-09-2019 00:00,2019,Sep,Sep-19
08-09-2019 00:00,2019,Sep,Sep-19
09-09-2019 00:00,2019,Sep,Sep-19
10-09-2019 00:00,2019,Sep,Sep-19
11-09-2019 00:00,2019,Sep,Sep-19
12-09-2019 00:00,2019,Sep,Sep-19
13-09-2019 00:00,2019,Sep,Sep-19
14-09-2019 00:00,2019,Sep,Sep-19
15-09-2019 00:00,2019,Sep,Sep-19
16-09-2019 00:00,2019,Sep,Sep-19
17-09-2019 00:00,2019,Sep,Sep-19
18-09-2019 00:00,2019,Sep,Sep-19
19-09-2019 00:00,2019,Sep,Sep-19
20-09-2019 00:00,2019,Sep,Sep-19
21-09-2019 00:00,2019,Sep,Sep-19
22-09-2019 00:00,2019,Sep,Sep-19
23-09-2019 00:00,2019,Sep,Sep-19
24-09-2019 00:00,2019,Sep,Sep-19
25-09-2019 00:00,2019,Sep,Sep-19
26-09-2019 00:00,2019,Sep,Sep-19
27-09-2019 00:00,2019,Sep,Sep-19
28-09-2019 00:00,2019,Sep,Sep-19
29-09-2019 00:00,2019,Sep,Sep-19
30-09-2019 00:00,2019,Sep,Sep-19
01-10-2019 00:00,2019,Oct,Oct-19
02-10-2019 00:00,2019,Oct,Oct-19
03-10-2019 00:00,2019,Oct,Oct-19
04-10-2019 00:00,2019,Oct,Oct-19
05-10-2019 00:00,2019,Oct,Oct-19
06-10-2019 00:00,2019,Oct,Oct-19
07-10-2019 00:00,2019,Oct,Oct-19
08-10-2019 00:00,2019,Oct,Oct-19
09-10-2019 00:00,2019,Oct,Oct-19
10-10-2019 00:00,2019,Oct,Oct-19
11-10-2019 00:00,2019,Oct,Oct-19
12-10-2019 00:00,2019,Oct,Oct-19
13-10-2019 00:00,2019,Oct,Oct-19
14-10-2019 00:00,2019,Oct,Oct-19
15-10-2019 00:00,2019,Oct,Oct-19
16-10-2019 00:00,2019,Oct,Oct-19
17-10-2019 00:00,2019,Oct,Oct-19
18-10-2019 00:00,2019,Oct,Oct-19
19-10-2019 00:00,2019,Oct,Oct-19
20-10-2019 00:00,2019,Oct,Oct-19
21-10-2019 00:00,2019,Oct,Oct-19
22-10-2019 00:00,2019,Oct,Oct-19
23-10-2019 00:00,2019,Oct,Oct-19
24-10-2019 00:00,2019,Oct,Oct-19
25-10-2019 00:00,2019,Oct,Oct-19
26-10-2019 00:00,2019,Oct,Oct-19
27-10-2019 00:00,2019,Oct,Oct-19
28-10-2019 00:00,2019,Oct,Oct-19
29-10-2019 00:00,2019,Oct,Oct-19
30-10-2019 00:00,2019,Oct,Oct-19
31-10-2019 00:00,2019,Oct,Oct-19
01-11-2019 00:00,2019,Nov,Nov-19
02-11-2019 00:00,2019,Nov,Nov-19
03-11-2019 00:00,2019,Nov,Nov-19
04-11-2019 00:00,2019,Nov,Nov-19
05-11-2019 00:00,2019,Nov,Nov-19
06-11-2019 00:00,2019,Nov,Nov-19
07-11-2019 00:00,2019,Nov,Nov-19
08-11-2019 00:00,2019,Nov,Nov-19
09-11-2019 00:00,2019,Nov,Nov-19
10-11-2019 00:00,2019,Nov,Nov-19
11-11-2019 00:00,2019,Nov,Nov-19
12-11-2019 00:00,2019,Nov,Nov-19
13-11-2019 00:00,2019,Nov,Nov-19
14-11-2019 00:00,2019,Nov,Nov-19
15-11-2019 00:00,2019,Nov,Nov-19
16-11-2019 00:00,2019,Nov,Nov-19
17-11-2019 00:00,2019,Nov,Nov-19
18-11-2019 00:00,2019,Nov,Nov-19
19-11-2019 00:00,2019,Nov,Nov-19
20-11-2019 00:00,2019,Nov,Nov-19
21-11-2019 00:00,2019,Nov,Nov-19
22-11-2019 00:00,2019,Nov,Nov-19
23-11-2019 00:00,2019,Nov,Nov-19
24-11-2019 00:00,2019,Nov,Nov-19
25-11-2019 00:00,2019,Nov,Nov-19
26-11-2019 00:00,2019,Nov,Nov-19
27-11-2019 00:00,2019,Nov,Nov-19
28-11-2019 00:00,2019,Nov,Nov-19
29-11-2019 00:00,2019,Nov,Nov-19
30-11-2019 00:00,2019,Nov,Nov-19
01-12-2019 00:00,2019,Dec,Dec-19
02-12-2019 00:00,2019,Dec,Dec-19
03-12-2019 00:00,2019,Dec,Dec-19
04-12-2019 00:00,2019,Dec,Dec-19
05-12-2019 00:00,2019,Dec,Dec-19
06-12-2019 00:00,2019,Dec,Dec-19
07-12-2019 00:00,2019,Dec,Dec-19
08-12-2019 00:00,2019,Dec,Dec-19
09-12-2019 00:00,2019,Dec,Dec-19
10-12-2019 00:00,2019,Dec,Dec-19
11-12-2019 00:00,2019,Dec,Dec-19
12-12-2019 00:00,2019,Dec,Dec-19
13-12-2019 00:00,2019,Dec,Dec-19
14-12-2019 00:00,2019,Dec,Dec-19
15-12-2019 00:00,2019,Dec,Dec-19
16-12-2019 00:00,2019,Dec,Dec-19
17-12-2019 00:00,2019,Dec,Dec-19
18-12-2019 00:00,2019,Dec,Dec-19
19-12-2019 00:00,2019,Dec,Dec-19
20-12-2019 00:00,2019,Dec,Dec-19
21-12-2019 00:00,2019,Dec,Dec-19
22-12-2019 00:00,2019,Dec,Dec-19
23-12-2019 00:00,2019,Dec,Dec-19
24-12-2019 00:00,2019,Dec,Dec-19
25-12-2019 00:00,2019,Dec,Dec-19
26-12-2019 00:00,2019,Dec,Dec-19
27-12-2019 00:00,2019,Dec,Dec-19
28-12-2019 00:00,2019,Dec,Dec-19
29-12-2019 00:00,2019,Dec,Dec-19
30-12-2019 00:00,2019,Dec,Dec-19
31-12-2019 00:00,2019,Dec,Dec-19
01-01-2020 00:00,2020,Jan,Jan-20
02-01-2020 00:00,2020,Jan,Jan-20
03-01-2020 00:00,2020,Jan,Jan-20
04-01-2020 00:00,2020,Jan,Jan-20
05-01-2020 00:00,2020,Jan,Jan-20
06-01-2020 00:00,2020,Jan,Jan-20
07-01-2020 00:00,2020,Jan,Jan-20
08-01-2020 00:00,2020,Jan,Jan-20
09-01-2020 00:00,2020,Jan,Jan-20
10-01-2020 00:00,2020,Jan,Jan-20
11-01-2020 00:00,2020,Jan,Jan-20
12-01-2020 00:00,2020,Jan,Jan-20
13-01-2020 00:00,2020,Jan,Jan-20
14-01-2020 00:00,2020,Jan,Jan-20
15-01-2020 00:00,2020,Jan,Jan-20
16-01-2020 00:00,2020,Jan,Jan-20
17-01-2020 00:00,2020,Jan,Jan-20
18-01-2020 00:00,2020,Jan,Jan-20
19-01-2020 00:00,2020,Jan,Jan-20
20-01-2020 00:00,2020,Jan,Jan-20
21-01-2020 00:00,2020,Jan,Jan-20
22-01-2020 00:00,2020,Jan,Jan-20
23-01-2020 00:00,2020,Jan,Jan-20
24-01-2020 00:00,2020,Jan,Jan-20
25-01-2020 00:00,2020,Jan,Jan-20
26-01-2020 00:00,2020,Jan,Jan-20
27-01-2020 00:00,2020,Jan,Jan-20
28-01-2020 00:00,2020,Jan,Jan-20
29-01-2020 00:00,2020,Jan,Jan-20
30-01-2020 00:00,2020,Jan,Jan-20
31-01-2020 00:00,2020,Jan,Jan-20
01-02-2020 00:00,2020,Feb,Feb-20
02-02-2020 00:00,2020,Feb,Feb-20
03-02-2020 00:00,2020,Feb,Feb-20
04-02-2020 00:00,2020,Feb,Feb-20
05-02-2020 00:00,2020,Feb,Feb-20
06-02-2020 00:00,2020,Feb,Feb-20
07-02-2020 00:00,2020,Feb,Feb-20
08-02-2020 00:00,2020,Feb,Feb-20
09-02-2020 00:00,2020,Feb,Feb-20
10-02-2020 00:00,2020,Feb,Feb-20
11-02-2020 00:00,2020,Feb,Feb-20
12-02-2020 00:00,2020,Feb,Feb-20
13-02-2020 00:00,2020,Feb,Feb-20
14-02-2020 00:00,2020,Feb,Feb-20
15-02-2020 00:00,2020,Feb,Feb-20
16-02-2020 00:00,2020,Feb,Feb-20
17-02-2020 00:00,2020,Feb,Feb-20
18-02-2020 00:00,2020,Feb,Feb-20
19-02-2020 00:00,2020,Feb,Feb-20
20-02-2020 00:00,2020,Feb,Feb-20
21-02-2020 00:00,2020,Feb,Feb-20
22-02-2020 00:00,2020,Feb,Feb-20
23-02-2020 00:00,2020,Feb,Feb-20
24-02-2020 00:00,2020,Feb,Feb-20
25-02-2020 00:00,2020,Feb,Feb-20
26-02-2020 00:00,2020,Feb,Feb-20
27-02-2020 00:00,2020,Feb,Feb-20
28-02-2020 00:00,2020,Feb,Feb-20
29-02-2020 00:00,2020,Feb,Feb-20
01-03-2020 00:00,2020,Mar,Mar-20
02-03-2020 00:00,2020,Mar,Mar-20
03-03-2020 00:00,2020,Mar,Mar-20
04-03-2020 00:00,2020,Mar,Mar-20
05-03-2020 00:00,2020,Mar,Mar-20
06-03-2020 00:00,2020,Mar,Mar-20
07-03-2020 00:00,2020,Mar,Mar-20
08-03-2020 00:00,2020,Mar,Mar-20
09-03-2020 00:00,2020,Mar,Mar-20
10-03-2020 00:00,2020,Mar,Mar-20
11-03-2020 00:00,2020,Mar,Mar-20
12-03-2020 00:00,2020,Mar,Mar-20
13-03-2020 00:00,2020,Mar,Mar-20
14-03-2020 00:00,2020,Mar,Mar-20
15-03-2020 00:00,2020,Mar,Mar-20
16-03-2020 00:00,2020,Mar,Mar-20
17-03-2020 00:00,2020,Mar,Mar-20
18-03-2020 00:00,2020,Mar,Mar-20
19-03-2020 00:00,2020,Mar,Mar-20
20-03-2020 00:00,2020,Mar,Mar-20
21-03-2020 00:00,2020,Mar,Mar-20
22-03-2020 00:00,2020,Mar,Mar-20
23-03-2020 00:00,2020,Mar,Mar-20
24-03-2020 00:00,2020,Mar,Mar-20
25-03-2020 00:00,2020,Mar,Mar-20
26-03-2020 00:00,2020,Mar,Mar-20
27-03-2020 00:00,2020,Mar,Mar-20
28-03-2020 00:00,2020,Mar,Mar-20
29-03-2020 00:00,2020,Mar,Mar-20
30-03-2020 00:00,2020,Mar,Mar-20
31-03-2020 00:00,2020,Mar,Mar-20
01-04-2020 00:00,2020,Apr,Apr-20
02-04-2020 00:00,2020,Apr,Apr-20
03-04-2020 00:00,2020,Apr,Apr-20
04-04-2020 00:00,2020,Apr,Apr-20
05-04-2020 00:00,2020,Apr,Apr-20
06-04-2020 00:00,2020,Apr,Apr-20
07-04-2020 00:00,2020,Apr,Apr-20
08-04-2020 00:00,2020,Apr,Apr-20
09-04-2020 00:00,2020,Apr,Apr-20
10-04-2020 00:00,2020,Apr,Apr-20
11-04-2020 00:00,2020,Apr,Apr-20
12-04-2020 00:00,2020,Apr,Apr-20
13-04-2020 00:00,2020,Apr,Apr-20
14-04-2020 00:00,2020,Apr,Apr-20
15-04-2020 00:00,2020,Apr,Apr-20
16-04-2020 00:00,2020,Apr,Apr-20
17-04-2020 00:00,2020,Apr,Apr-20
18-04-2020 00:00,2020,Apr,Apr-20
19-04-2020 00:00,2020,Apr,Apr-20
20-04-2020 00:00,2020,Apr,Apr-20
21-04-2020 00:00,2020,Apr,Apr-20
22-04-2020 00:00,2020,Apr,Apr-20
23-04-2020 00:00,2020,Apr,Apr-20
24-04-2020 00:00,2020,Apr,Apr-20
25-04-2020 00:00,2020,Apr,Apr-20
26-04-2020 00:00,2020,Apr,Apr-20
27-04-2020 00:00,2020,Apr,Apr-20
28-04-2020 00:00,2020,Apr,Apr-20
29-04-2020 00:00,2020,Apr,Apr-20
30-04-2020 00:00,2020,Apr,Apr-20
01-05-2020 00:00,2020,May,May-20
02-05-2020 00:00,2020,May,May-20
03-05-2020 00:00,2020,May,May-20
04-05-2020 00:00,2020,May,May-20
05-05-2020 00:00,2020,May,May-20
06-05-2020 00:00,2020,May,May-20
07-05-2020 00:00,2020,May,May-20
08-05-2020 00:00,2020,May,May-20
09-05-2020 00:00,2020,May,May-20
10-05-2020 00:00,2020,May,May-20
11-05-2020 00:00,2020,May,May-20
12-05-2020 00:00,2020,May,May-20
13-05-2020 00:00,2020,May,May-20
14-05-2020 00:00,2020,May,May-20
15-05-2020 00:00,2020,May,May-20
16-05-2020 00:00,2020,May,May-20
17-05-2020 00:00,2020,May,May-20
18-05-2020 00:00,2020,May,May-20
19-05-2020 00:00,2020,May,May-20
20-05-2020 00:00,2020,May,May-20
21-05-2020 00:00,2020,May,May-20
22-05-2020 00:00,2020,May,May-20
23-05-2020 00:00,2020,May,May-20
24-05-2020 00:00,2020,May,May-20
25-05-2020 00:00,2020,May,May-20
26-05-2020 00:00,2020,May,May-20
27-05-2020 00:00,2020,May,May-20
28-05-2020 00:00,2020,May,May-20
29-05-2020 00:00,2020,May,May-20
30-05-2020 00:00,2020,May,May-20
31-05-2020 00:00,2020,May,May-20
01-06-2020 00:00,2020,Jun,Jun-20
02-06-2020 00:00,2020,Jun,Jun-20
03-06-2020 00:00,2020,Jun,Jun-20
04-06-2020 00:00,2020,Jun,Jun-20
05-06-2020 00:00,2020,Jun,Jun-20
06-06-2020 00:00,2020,Jun,Jun-20
07-06-2020 00:00,2020,Jun,Jun-20
08-06-2020 00:00,2020,Jun,Jun-20
09-06-2020 00:00,2020,Jun,Jun-20
10-06-2020 00:00,2020,Jun,Jun-20
11-06-2020 00:00,2020,Jun,Jun-20
12-06-2020 00:00,2020,Jun,Jun-20
13-06-2020 00:00,2020,Jun,Jun-20
14-06-2020 00:00,2020,Jun,Jun-20
15-06-2020 00:00,2020,Jun,Jun-20
16-06-2020 00:00,2020,Jun,Jun-20
17-06-2020 00:00,2020,Jun,Jun-20
18-06-2020 00:00,2020,Jun,Jun-20
19-06-2020 00:00,2020,Jun,Jun-20
20-06-2020 00:00,2020,Jun,Jun-20
21-06-2020 00:00,2020,Jun,Jun-20
22-06-2020 00:00,2020,Jun,Jun-20
23-06-2020 00:00,2020,Jun,Jun-20
24-06-2020 00:00,2020,Jun,Jun-20
25-06-2020 00:00,2020,Jun,Jun-20
26-06-2020 00:00,2020,Jun,Jun-20
27-06-2020 00:00,2020,Jun,Jun-20
28-06-2020 00:00,2020,Jun,Jun-20
29-06-2020 00:00,2020,Jun,Jun-20
30-06-2020 00:00,2020,Jun,Jun-20
01-07-2020 00:00,2020,Jul,Jul-20
02-07-2020 00:00,2020,Jul,Jul-20
03-07-2020 00:00,2020,Jul,Jul-20
04-07-2020 00:00,2020,Jul,Jul-20
05-07-2020 00:00,2020,Jul,Jul-20
06-07-2020 00:00,2020,Jul,Jul-20
07-07-2020 00:00,2020,Jul,Jul-20
08-07-2020 00:00,2020,Jul,Jul-20
09-07-2020 00:00,2020,Jul,Jul-20
10-07-2020 00:00,2020,Jul,Jul-20
11-07-2020 00:00,2020,Jul,Jul-20
12-07-2020 00:00,2020,Jul,Jul-20
13-07-2020 00:00,2020,Jul,Jul-20
14-07-2020 00:00,2020,Jul,Jul-20
15-07-2020 00:00,2020,Jul,Jul-20
16-07-2020 00:00,2020,Jul,Jul-20
17-07-2020 00:00,2020,Jul,Jul-20
18-07-2020 00:00,2020,Jul,Jul-20
19-07-2020 00:00,2020,Jul,Jul-20
20-07-2020 00:00,2020,Jul,Jul-20
21-07-2020 00:00,2020,Jul,Jul-20
22-07-2020 00:00,2020,Jul,Jul-20
23-07-2020 00:00,2020,Jul,Jul-20
24-07-2020 00:00,2020,Jul,Jul-20
25-07-2020 00:00,2020,Jul,Jul-20
26-07-2020 00:00,2020,Jul,Jul-20
27-07-2020 00:00,2020,Jul,Jul-20
28-07-2020 00:00,2020,Jul,Jul-20
29-07-2020 00:00,2020,Jul,Jul-20
30-07-2020 00:00,2020,Jul,Jul-20
31-07-2020 00:00,2020,Jul,Jul-20
01-08-2020 00:00,2020,Aug,Aug-20
02-08-2020 00:00,2020,Aug,Aug-20
03-08-2020 00:00,2020,Aug,Aug-20
04-08-2020 00:00,2020,Aug,Aug-20
05-08-2020 00:00,2020,Aug,Aug-20
06-08-2020 00:00,2020,Aug,Aug-20
07-08-2020 00:00,2020,Aug,Aug-20
08-08-2020 00:00,2020,Aug,Aug-20
09-08-2020 00:00,2020,Aug,Aug-20
10-08-2020 00:00,2020,Aug,Aug-20
11-08-2020 00:00,2020,Aug,Aug-20
12-08-2020 00:00,2020,Aug,Aug-20
13-08-2020 00:00,2020,Aug,Aug-20
14-08-2020 00:00,2020,Aug,Aug-20
15-08-2020 00:00,2020,Aug,Aug-20
16-08-2020 00:00,2020,Aug,Aug-20
17-08-2020 00:00,2020,Aug,Aug-20
18-08-2020 00:00,2020,Aug,Aug-20
19-08-2020 00:00,2020,Aug,Aug-20
20-08-2020 00:00,2020,Aug,Aug-20
21-08-2020 00:00,2020,Aug,Aug-20
22-08-2020 00:00,2020,Aug,Aug-20
23-08-2020 00:00,2020,Aug,Aug-20
24-08-2020 00:00,2020,Aug,Aug-20
25-08-2020 00:00,2020,Aug,Aug-20
26-08-2020 00:00,2020,Aug,Aug-20
27-08-2020 00:00,2020,Aug,Aug-20
28-08-2020 00:00,2020,Aug,Aug-20
29-08-2020 00:00,2020,Aug,Aug-20
30-08-2020 00:00,2020,Aug,Aug-20
31-08-2020 00:00,2020,Aug,Aug-20
01-09-2020 00:00,2020,Sep,Sep-20
02-09-2020 00:00,2020,Sep,Sep-20
03-09-2020 00:00,2020,Sep,Sep-20
04-09-2020 00:00,2020,Sep,Sep-20
05-09-2020 00:00,2020,Sep,Sep-20
06-09-2020 00:00,2020,Sep,Sep-20
07-09-2020 00:00,2020,Sep,Sep-20
08-09-2020 00:00,2020,Sep,Sep-20
09-09-2020 00:00,2020,Sep,Sep-20
10-09-2020 00:00,2020,Sep,Sep-20
11-09-2020 00:00,2020,Sep,Sep-20
12-09-2020 00:00,2020,Sep,Sep-20
13-09-2020 00:00,2020,Sep,Sep-20
14-09-2020 00:00,2020,Sep,Sep-20
15-09-2020 00:00,2020,Sep,Sep-20
16-09-2020 00:00,2020,Sep,Sep-20
17-09-2020 00:00,2020,Sep,Sep-20
18-09-2020 00:00,2020,Sep,Sep-20
19-09-2020 00:00,2020,Sep,Sep-20
20-09-2020 00:00,2020,Sep,Sep-20
21-09-2020 00:00,2020,Sep,Sep-20
22-09-2020 00:00,2020,Sep,Sep-20
23-09-2020 00:00,2020,Sep,Sep-20
24-09-2020 00:00,2020,Sep,Sep-20
25-09-2020 00:00,2020,Sep,Sep-20
26-09-2020 00:00,2020,Sep,Sep-20
27-09-2020 00:00,2020,Sep,Sep-20
28-09-2020 00:00,2020,Sep,Sep-20
29-09-2020 00:00,2020,Sep,Sep-20
30-09-2020 00:00,2020,Sep,Sep-20
01-10-2020 00:00,2020,Oct,Oct-20
02-10-2020 00:00,2020,Oct,Oct-20
03-10-2020 00:00,2020,Oct,Oct-20
04-10-2020 00:00,2020,Oct,Oct-20
05-10-2020 00:00,2020,Oct,Oct-20
06-10-2020 00:00,2020,Oct,Oct-20
07-10-2020 00:00,2020,Oct,Oct-20
08-10-2020 00:00,2020,Oct,Oct-20
09-10-2020 00:00,2020,Oct,Oct-20
10-10-2020 00:00,2020,Oct,Oct-20
11-10-2020 00:00,2020,Oct,Oct-20
12-10-2020 00:00,2020,Oct,Oct-20
13-10-2020 00:00,2020,Oct,Oct-20
14-10-2020 00:00,2020,Oct,Oct-20
15-10-2020 00:00,2020,Oct,Oct-20
16-10-2020 00:00,2020,Oct,Oct-20
17-10-2020 00:00,2020,Oct,Oct-20
18-10-2020 00:00,2020,Oct,Oct-20
19-10-2020 00:00,2020,Oct,Oct-20
20-10-2020 00:00,2020,Oct,Oct-20
21-10-2020 00:00,2020,Oct,Oct-20
22-10-2020 00:00,2020,Oct,Oct-20
23-10-2020 00:00,2020,Oct,Oct-20
24-10-2020 00:00,2020,Oct,Oct-20
25-10-2020 00:00,2020,Oct,Oct-20
26-10-2020 00:00,2020,Oct,Oct-20
27-10-2020 00:00,2020,Oct,Oct-20
28-10-2020 00:00,2020,Oct,Oct-20
29-10-2020 00:00,2020,Oct,Oct-20
30-10-2020 00:00,2020,Oct,Oct-20
31-10-2020 00:00,2020,Oct,Oct-20
01-11-2020 00:00,2020,Nov,Nov-20
02-11-2020 00:00,2020,Nov,Nov-20
03-11-2020 00:00,2020,Nov,Nov-20
04-11-2020 00:00,2020,Nov,Nov-20
05-11-2020 00:00,2020,Nov,Nov-20
06-11-2020 00:00,2020,Nov,Nov-20
07-11-2020 00:00,2020,Nov,Nov-20
08-11-2020 00:00,2020,Nov,Nov-20
09-11-2020 00:00,2020,Nov,Nov-20
10-11-2020 00:00,2020,Nov,Nov-20
11-11-2020 00:00,2020,Nov,Nov-20
12-11-2020 00:00,2020,Nov,Nov-20
13-11-2020 00:00,2020,Nov,Nov-20
14-11-2020 00:00,2020,Nov,Nov-20
15-11-2020 00:00,2020,Nov,Nov-20
16-11-2020 00:00,2020,Nov,Nov-20
17-11-2020 00:00,2020,Nov,Nov-20
18-11-2020 00:00,2020,Nov,Nov-20
19-11-2020 00:00,2020,Nov,Nov-20
20-11-2020 00:00,2020,Nov,Nov-20
21-11-2020 00:00,2020,Nov,Nov-20
22-11-2020 00:00,2020,Nov,Nov-20
23-11-2020 00:00,2020,Nov,Nov-20
24-11-2020 00:00,2020,Nov,Nov-20
25-11-2020 00:00,2020,Nov,Nov-20
26-11-2020 00:00,2020,Nov,Nov-20
27-11-2020 00:00,2020,Nov,Nov-20
28-11-2020 00:00,2020,Nov,Nov-20
29-11-2020 00:00,2020,Nov,Nov-20
30-11-2020 00:00,2020,Nov,Nov-20
01-12-2020 00:00,2020,Dec,Dec-20
02-12-2020 00:00,2020,Dec,Dec-20
03-12-2020 00:00,2020,Dec,Dec-20
04-12-2020 00:00,2020,Dec,Dec-20
05-12-2020 00:00,2020,Dec,Dec-20
06-12-2020 00:00,2020,Dec,Dec-20
07-12-2020 00:00,2020,Dec,Dec-20
08-12-2020 00:00,2020,Dec,Dec-20
09-12-2020 00:00,2020,Dec,Dec-20
10-12-2020 00:00,2020,Dec,Dec-20
11-12-2020 00:00,2020,Dec,Dec-20
12-12-2020 00:00,2020,Dec,Dec-20
13-12-2020 00:00,2020,Dec,Dec-20
14-12-2020 00:00,2020,Dec,Dec-20
15-12-2020 00:00,2020,Dec,Dec-20
16-12-2020 00:00,2020,Dec,Dec-20
17-12-2020 00:00,2020,Dec,Dec-20
18-12-2020 00:00,2020,Dec,Dec-20
19-12-2020 00:00,2020,Dec,Dec-20
20-12-2020 00:00,2020,Dec,Dec-20
21-12-2020 00:00,2020,Dec,Dec-20
22-12-2020 00:00,2020,Dec,Dec-20
23-12-2020 00:00,2020,Dec,Dec-20
24-12-2020 00:00,2020,Dec,Dec-20
25-12-2020 00:00,2020,Dec,Dec-20
26-12-2020 00:00,2020,Dec,Dec-20
27-12-2020 00:00,2020,Dec,Dec-20
28-12-2020 00:00,2020,Dec,Dec-20
29-12-2020 00:00,2020,Dec,Dec-20
30-12-2020 00:00,2020,Dec,Dec-20
31-12-2020 00:00,2020,Dec,Dec-20
